order_id,date,customer,city,amount
1,2024-06-02,Customer_33,Toronto,431.51
2,2024-05-28,Customer_91,Winnipeg,48.89
3,2024-08-16,Customer_75,Montreal,218.03
4,2024-11-05,Customer_52,Edmonton,446.44
5,2024-11-14,Customer_50,Ottawa,384.24
6,2024-05-12,Customer_14,Ottawa,291.47
7,2024-05-06,Customer_48,Vancouver,300.41
8,2024-01-15,Customer_21,Winnipeg,91.79
9,2024-03-07,Customer_1,Calgary,58.9
10,2024-01-22,Customer_60,Winnipeg,285.49
11,2024-08-20,Customer_16,Vancouver,92.02
12,2024-09-04,Customer_44,Calgary,270.33
13,2024-03-29,Customer_81,Winnipeg,340.59
14,2024-03-12,Customer_15,Ottawa,233.67
15,2024-03-24,Customer_63,Ottawa,202.69
16,2024-10-08,Customer_88,Halifax,211.14
17,2024-08-09,Customer_30,Toronto,413.34
18,2024-09-28,Customer_60,Vancouver,442.88
19,2024-03-08,Customer_25,Ottawa,263.98
20,2024-02-29,Customer_62,Montreal,367.29
21,2024-03-07,Customer_60,Halifax,77.37
22,2024-08-25,Customer_45,Edmonton,232.74
23,2024-01-24,Customer_88,Edmonton,374.4
24,2024-05-25,Customer_35,Halifax,59.01
25,2024-09-24,Customer_48,Halifax,348.96
26,2024-09-14,Customer_84,Edmonton,358.91
27,2024-06-08,Customer_70,Montreal,477.15
28,2024-06-08,Customer_90,Winnipeg,160.64
29,2024-04-29,Customer_86,Calgary,326.73
30,2024-02-16,Customer_21,Montreal,48.81
31,2024-11-07,Customer_41,Halifax,455.16
32,2024-07-29,Customer_71,Montreal,389.09
33,2024-09-26,Customer_44,Edmonton,23.48
34,2024-12-29,Customer_98,Vancouver,140.67
35,2024-12-14,Customer_73,Edmonton,50.89
36,2024-09-04,Customer_36,Vancouver,384.3
37,2024-06-02,Customer_73,Winnipeg,29.87
38,2024-06-16,Customer_50,Winnipeg,175.22
39,2024-10-22,Customer_36,Vancouver,54.84
40,2024-05-22,Customer_30,Toronto,390.46
41,2024-09-09,Customer_71,Ottawa,77.15
42,2024-03-15,Customer_50,Vancouver,80.89
43,2024-09-25,Customer_32,Halifax,270.48
44,2024-04-30,Customer_29,Montreal,100.52
45,2024-08-09,Customer_56,Halifax,224.72
46,2024-02-28,Customer_17,Ottawa,425.37
47,2024-04-19,Customer_42,Halifax,205.67
48,2024-03-11,Customer_70,Vancouver,326.59
49,2024-10-04,Customer_76,Ottawa,161.9
50,2024-10-31,Customer_46,Winnipeg,492.66
51,2024-02-02,Customer_43,Winnipeg,272.6
52,2024-10-03,Customer_3,Toronto,386.99
53,2024-05-28,Customer_50,Edmonton,403.33
54,2024-10-20,Customer_76,Toronto,41.48
55,2024-09-03,Customer_96,Ottawa,355.19
56,2024-06-25,Customer_88,Ottawa,294.54
57,2024-12-20,Customer_15,Edmonton,253.01
58,2024-09-19,Customer_65,Toronto,261.57
59,2024-10-29,Customer_46,Winnipeg,52.69
60,2024-12-18,Customer_50,Winnipeg,37.98
61,2024-08-12,Customer_52,Ottawa,81.89
62,2024-01-23,Customer_86,Calgary,67.01
63,2024-02-24,Customer_25,Calgary,430.37
64,2024-10-29,Customer_55,Winnipeg,173.28
65,2024-07-22,Customer_72,Calgary,458.16
66,2024-08-09,Customer_58,Toronto,248.14
67,2024-02-12,Customer_54,Calgary,391.04
68,2024-11-20,Customer_25,Vancouver,412.14
69,2024-08-15,Customer_78,Montreal,312.6
70,2024-06-09,Customer_16,Ottawa,97.31
71,2024-02-13,Customer_35,Winnipeg,56.03
72,2024-11-22,Customer_69,Edmonton,383.1
73,2024-01-08,Customer_57,Ottawa,407.86
74,2024-10-28,Customer_62,Halifax,91.84
75,2024-03-26,Customer_5,Halifax,85.18
76,2024-10-24,Customer_58,Calgary,355.14
77,2024-10-14,Customer_16,Halifax,370.55
78,2024-07-18,Customer_44,Toronto,309.74
79,2024-06-16,Customer_100,Vancouver,255.15
80,2024-10-06,Customer_64,Winnipeg,172.14
81,2024-05-05,Customer_21,Montreal,288.68
82,2024-07-05,Customer_31,Winnipeg,343.34
83,2024-06-05,Customer_8,Edmonton,331.55
84,2024-08-11,Customer_49,Ottawa,369.82
85,2024-11-04,Customer_5,Toronto,467.88
86,2024-03-26,Customer_42,Ottawa,469.64
87,2024-12-19,Customer_28,Ottawa,339.08
88,2024-06-19,Customer_78,Montreal,394.95
89,2024-03-12,Customer_47,Winnipeg,44.37
90,2024-01-23,Customer_30,Winnipeg,334.22
91,2024-12-21,Customer_18,Montreal,140.79
92,2024-01-08,Customer_34,Winnipeg,160.64
93,2024-01-22,Customer_60,Winnipeg,260.75
94,2024-10-05,Customer_69,Vancouver,257.88
95,2024-04-25,Customer_53,Calgary,142.19
96,2024-07-22,Customer_3,Toronto,206.0
97,2024-03-13,Customer_61,Ottawa,67.15
98,2024-04-08,Customer_33,Winnipeg,417.98
99,2024-07-08,Customer_52,Calgary,378.42
100,2024-12-17,Customer_75,Winnipeg,210.25
101,2024-09-30,Customer_55,Montreal,436.04
102,2024-12-10,Customer_46,Edmonton,374.16
103,2024-07-23,Customer_37,Toronto,180.86
104,2024-06-23,Customer_57,Vancouver,343.76
105,2024-01-13,Customer_18,Winnipeg,165.38
106,2024-05-31,Customer_77,Ottawa,184.05
107,2024-03-13,Customer_85,Vancouver,397.03
108,2024-05-19,Customer_87,Toronto,391.28
109,2024-10-22,Customer_99,Winnipeg,342.83
110,2024-05-16,Customer_53,Ottawa,286.27
111,2024-03-17,Customer_50,Toronto,37.44
112,2024-01-05,Customer_9,Edmonton,343.13
113,2024-07-11,Customer_1,Toronto,277.22
114,2024-12-21,Customer_32,Edmonton,90.84
115,2024-08-02,Customer_86,Montreal,485.03
116,2024-02-12,Customer_97,Halifax,343.78
117,2024-11-07,Customer_10,Halifax,329.28
118,2024-04-05,Customer_51,Edmonton,346.7
119,2024-05-08,Customer_87,Montreal,49.94
120,2024-10-07,Customer_75,Ottawa,195.02
121,2024-12-10,Customer_51,Calgary,93.01
122,2024-11-18,Customer_13,Calgary,454.01
123,2024-06-23,Customer_51,Halifax,77.87
124,2024-04-15,Customer_91,Edmonton,351.53
125,2024-03-23,Customer_92,Montreal,60.6
126,2024-01-10,Customer_10,Vancouver,170.5
127,2024-04-06,Customer_62,Halifax,236.81
128,2024-11-11,Customer_89,Ottawa,359.19
129,2024-07-25,Customer_56,Vancouver,295.14
130,2024-11-18,Customer_20,Halifax,64.01
131,2024-05-16,Customer_57,Montreal,202.76
132,2024-06-05,Customer_67,Toronto,52.6
133,2024-03-20,Customer_31,Montreal,254.87
134,2024-01-18,Customer_74,Ottawa,447.41
135,2024-12-08,Customer_7,Montreal,453.65
136,2024-03-16,Customer_76,Ottawa,358.73
137,2024-06-14,Customer_32,Vancouver,151.67
138,2024-12-29,Customer_31,Ottawa,213.41
139,2024-08-28,Customer_56,Toronto,293.01
140,2024-06-10,Customer_7,Winnipeg,143.43
141,2024-03-02,Customer_25,Calgary,173.1
142,2024-10-15,Customer_50,Halifax,283.57
143,2024-05-21,Customer_96,Ottawa,385.75
144,2024-10-01,Customer_47,Ottawa,168.94
145,2024-03-14,Customer_22,Edmonton,356.69
146,2024-05-18,Customer_46,Edmonton,242.63
147,2024-03-02,Customer_95,Winnipeg,430.87
148,2024-03-14,Customer_90,Vancouver,435.0
149,2024-09-11,Customer_85,Montreal,337.56
150,2024-07-11,Customer_14,Edmonton,412.34
151,2024-01-17,Customer_96,Toronto,395.15
152,2024-03-16,Customer_53,Calgary,336.37
153,2024-05-28,Customer_45,Winnipeg,350.44
154,2024-02-28,Customer_66,Winnipeg,295.02
155,2024-09-12,Customer_64,Halifax,488.98
156,2024-05-20,Customer_1,Calgary,211.6
157,2024-11-15,Customer_77,Calgary,372.83
158,2024-05-02,Customer_6,Winnipeg,117.52
159,2024-02-04,Customer_45,Calgary,161.96
160,2024-02-04,Customer_83,Vancouver,184.47
161,2024-01-19,Customer_54,Edmonton,262.42
162,2024-03-27,Customer_68,Calgary,85.82
163,2024-01-04,Customer_23,Toronto,268.62
164,2024-08-19,Customer_52,Calgary,293.11
165,2024-04-27,Customer_36,Montreal,125.13
166,2024-09-14,Customer_12,Montreal,104.92
167,2024-03-19,Customer_68,Vancouver,126.76
168,2024-05-23,Customer_9,Edmonton,83.17
169,2024-05-05,Customer_58,Vancouver,124.21
170,2024-04-08,Customer_54,Calgary,300.32
171,2024-08-07,Customer_47,Winnipeg,368.25
172,2024-10-17,Customer_39,Toronto,192.42
173,2024-04-26,Customer_100,Montreal,478.18
174,2024-08-09,Customer_47,Winnipeg,277.93
175,2024-11-29,Customer_67,Montreal,102.63
176,2024-07-20,Customer_49,Calgary,379.82
177,2024-10-23,Customer_51,Vancouver,360.12
178,2024-08-30,Customer_20,Vancouver,426.44
179,2024-05-03,Customer_16,Ottawa,224.5
180,2024-04-05,Customer_96,Vancouver,436.58
181,2024-11-03,Customer_17,Ottawa,242.33
182,2024-07-05,Customer_76,Ottawa,349.56
183,2024-06-11,Customer_43,Winnipeg,350.46
184,2024-11-02,Customer_51,Calgary,382.52
185,2024-11-13,Customer_7,Ottawa,84.45
186,2024-03-06,Customer_19,Ottawa,440.0
187,2024-06-24,Customer_84,Winnipeg,107.83
188,2024-08-25,Customer_82,Halifax,278.69
189,2024-11-18,Customer_23,Edmonton,175.91
190,2024-05-20,Customer_3,Ottawa,133.76
191,2024-12-13,Customer_20,Halifax,383.91
192,2024-10-22,Customer_8,Winnipeg,32.9
193,2024-08-29,Customer_84,Halifax,331.7
194,2024-12-14,Customer_69,Calgary,372.76
195,2024-09-01,Customer_99,Edmonton,401.77
196,2024-01-17,Customer_65,Halifax,465.75
197,2024-02-04,Customer_70,Vancouver,319.53
198,2024-05-26,Customer_95,Toronto,161.79
199,2024-01-07,Customer_79,Winnipeg,69.19
200,2024-08-09,Customer_35,Toronto,464.39
201,2024-11-18,Customer_95,Edmonton,157.52
202,2024-04-19,Customer_66,Halifax,137.29
203,2024-04-02,Customer_42,Vancouver,419.77
204,2024-04-10,Customer_76,Calgary,327.91
205,2024-02-25,Customer_90,Vancouver,394.91
206,2024-10-29,Customer_98,Calgary,258.91
207,2024-03-16,Customer_60,Edmonton,183.96
208,2024-03-30,Customer_55,Halifax,282.24
209,2024-03-05,Customer_100,Halifax,416.72
210,2024-11-16,Customer_9,Ottawa,172.36
211,2024-05-04,Customer_4,Ottawa,335.69
212,2024-06-09,Customer_12,Calgary,238.35
213,2024-05-04,Customer_26,Toronto,358.1
214,2024-05-22,Customer_54,Ottawa,270.08
215,2024-10-04,Customer_56,Calgary,235.18
216,2024-08-15,Customer_69,Calgary,344.63
217,2024-02-05,Customer_70,Edmonton,331.51
218,2024-02-22,Customer_47,Toronto,388.83
219,2024-08-16,Customer_17,Toronto,230.35
220,2024-01-17,Customer_8,Winnipeg,408.38
221,2024-05-02,Customer_15,Winnipeg,335.63
222,2024-07-17,Customer_79,Winnipeg,324.82
223,2024-08-09,Customer_75,Vancouver,64.4
224,2024-07-14,Customer_97,Edmonton,169.75
225,2024-12-04,Customer_93,Montreal,73.76
226,2024-04-03,Customer_54,Ottawa,68.75
227,2024-03-08,Customer_75,Montreal,163.31
228,2024-07-20,Customer_68,Ottawa,338.8
229,2024-01-31,Customer_31,Edmonton,369.49
230,2024-09-16,Customer_91,Ottawa,495.87
231,2024-10-01,Customer_8,Toronto,160.09
232,2024-02-04,Customer_66,Halifax,310.43
233,2024-02-17,Customer_79,Ottawa,198.74
234,2024-05-10,Customer_13,Halifax,215.49
235,2024-11-08,Customer_83,Ottawa,344.92
236,2024-06-02,Customer_40,Montreal,139.45
237,2024-07-05,Customer_36,Calgary,388.9
238,2024-09-01,Customer_69,Edmonton,345.14
239,2024-09-21,Customer_85,Edmonton,380.96
240,2024-10-23,Customer_2,Ottawa,469.27
241,2024-03-10,Customer_37,Toronto,47.22
242,2024-11-02,Customer_72,Winnipeg,91.8
243,2024-08-31,Customer_43,Calgary,486.25
244,2024-02-24,Customer_73,Toronto,269.93
245,2024-10-28,Customer_87,Toronto,241.75
246,2024-09-27,Customer_93,Ottawa,174.5
247,2024-02-08,Customer_69,Ottawa,212.97
248,2024-01-05,Customer_21,Montreal,63.78
249,2024-06-29,Customer_78,Halifax,445.84
250,2024-07-07,Customer_20,Vancouver,356.76
251,2024-09-22,Customer_95,Edmonton,31.63
252,2024-02-28,Customer_72,Edmonton,185.2
253,2024-10-21,Customer_16,Ottawa,285.28
254,2024-09-06,Customer_81,Winnipeg,441.15
255,2024-09-21,Customer_12,Toronto,440.47
256,2024-03-23,Customer_1,Montreal,287.31
257,2024-01-21,Customer_71,Halifax,413.64
258,2024-03-25,Customer_12,Vancouver,462.85
259,2024-08-06,Customer_93,Halifax,94.65
260,2024-04-19,Customer_52,Winnipeg,132.22
261,2024-12-05,Customer_27,Winnipeg,473.91
262,2024-06-23,Customer_38,Edmonton,156.08
263,2024-02-28,Customer_20,Winnipeg,107.71
264,2024-05-04,Customer_67,Edmonton,416.11
265,2024-02-17,Customer_82,Winnipeg,97.96
266,2024-07-21,Customer_55,Vancouver,60.85
267,2024-05-17,Customer_54,Montreal,124.87
268,2024-12-07,Customer_94,Vancouver,414.39
269,2024-12-08,Customer_27,Vancouver,194.3
270,2024-04-21,Customer_60,Toronto,493.22
271,2024-08-02,Customer_5,Montreal,220.54
272,2024-08-09,Customer_14,Ottawa,399.72
273,2024-05-05,Customer_53,Halifax,301.55
274,2024-03-22,Customer_20,Vancouver,440.21
275,2024-05-01,Customer_99,Montreal,419.19
276,2024-10-22,Customer_40,Calgary,104.37
277,2024-06-25,Customer_57,Winnipeg,22.86
278,2024-01-22,Customer_68,Montreal,216.34
279,2024-12-13,Customer_90,Halifax,489.69
280,2024-10-14,Customer_15,Montreal,63.51
281,2024-03-26,Customer_31,Toronto,406.65
282,2024-05-04,Customer_95,Toronto,144.75
283,2024-05-12,Customer_94,Toronto,156.37
284,2024-07-21,Customer_60,Toronto,264.86
285,2024-03-12,Customer_51,Vancouver,194.9
286,2024-12-12,Customer_64,Calgary,355.46
287,2024-05-20,Customer_90,Winnipeg,335.72
288,2024-08-05,Customer_13,Toronto,319.01
289,2024-07-14,Customer_73,Montreal,480.91
290,2024-04-06,Customer_18,Edmonton,170.33
291,2024-04-02,Customer_85,Vancouver,100.18
292,2024-06-09,Customer_42,Toronto,467.76
293,2024-02-26,Customer_77,Montreal,155.86
294,2024-08-27,Customer_3,Edmonton,469.29
295,2024-07-07,Customer_54,Halifax,246.98
296,2024-10-28,Customer_7,Toronto,27.64
297,2024-10-18,Customer_72,Montreal,335.42
298,2024-04-10,Customer_44,Ottawa,343.73
299,2024-10-15,Customer_41,Ottawa,67.31
300,2024-04-13,Customer_6,Winnipeg,422.87
301,2024-06-19,Customer_14,Calgary,220.21
302,2024-05-25,Customer_9,Winnipeg,414.17
303,2024-01-29,Customer_16,Ottawa,443.55
304,2024-02-22,Customer_84,Calgary,436.3
305,2024-04-09,Customer_70,Ottawa,51.9
306,2024-05-16,Customer_91,Toronto,130.11
307,2024-05-19,Customer_2,Halifax,481.01
308,2024-08-04,Customer_88,Halifax,288.81
309,2024-02-21,Customer_100,Ottawa,332.99
310,2024-02-29,Customer_90,Toronto,190.9
311,2024-05-18,Customer_39,Edmonton,38.91
312,2024-10-02,Customer_38,Ottawa,138.37
313,2024-05-10,Customer_76,Montreal,308.32
314,2024-12-10,Customer_98,Montreal,461.73
315,2024-02-21,Customer_41,Toronto,383.61
316,2024-05-19,Customer_57,Halifax,181.37
317,2024-03-20,Customer_23,Calgary,478.97
318,2024-12-01,Customer_54,Vancouver,220.88
319,2024-12-29,Customer_83,Vancouver,439.44
320,2024-04-13,Customer_90,Ottawa,117.4
321,2024-01-16,Customer_75,Halifax,281.08
322,2024-07-06,Customer_73,Toronto,119.16
323,2024-12-14,Customer_75,Ottawa,497.25
324,2024-04-23,Customer_43,Calgary,485.54
325,2024-12-23,Customer_92,Montreal,35.27
326,2024-03-06,Customer_8,Edmonton,78.63
327,2024-06-10,Customer_7,Calgary,428.24
328,2024-06-02,Customer_76,Toronto,142.12
329,2024-09-28,Customer_89,Edmonton,210.57
330,2024-02-06,Customer_97,Winnipeg,391.95
331,2024-05-29,Customer_57,Halifax,495.79
332,2024-11-02,Customer_89,Toronto,496.89
333,2024-09-13,Customer_100,Ottawa,30.18
334,2024-06-05,Customer_7,Ottawa,392.24
335,2024-07-05,Customer_62,Toronto,48.73
336,2024-10-01,Customer_3,Edmonton,451.13
337,2024-04-04,Customer_42,Toronto,77.57
338,2024-10-04,Customer_41,Toronto,101.91
339,2024-11-21,Customer_88,Calgary,292.05
340,2024-02-13,Customer_91,Edmonton,54.31
341,2024-10-16,Customer_17,Montreal,205.08
342,2024-07-01,Customer_23,Vancouver,350.48
343,2024-07-26,Customer_60,Ottawa,26.74
344,2024-02-15,Customer_71,Vancouver,144.74
345,2024-09-08,Customer_96,Montreal,158.18
346,2024-12-03,Customer_38,Ottawa,145.28
347,2024-01-09,Customer_14,Calgary,393.7
348,2024-06-30,Customer_72,Calgary,111.84
349,2024-09-03,Customer_50,Edmonton,143.76
350,2024-10-28,Customer_10,Calgary,138.78
351,2024-07-16,Customer_78,Winnipeg,369.91
352,2024-03-06,Customer_58,Winnipeg,428.87
353,2024-11-27,Customer_67,Montreal,248.79
354,2024-12-18,Customer_61,Montreal,191.84
355,2024-04-13,Customer_6,Winnipeg,476.59
356,2024-06-14,Customer_60,Ottawa,232.82
357,2024-12-03,Customer_62,Ottawa,290.74
358,2024-01-22,Customer_26,Edmonton,198.53
359,2024-01-10,Customer_5,Winnipeg,401.38
360,2024-07-18,Customer_35,Toronto,401.64
361,2024-02-18,Customer_52,Toronto,257.34
362,2024-06-30,Customer_90,Toronto,104.64
363,2024-10-26,Customer_75,Vancouver,279.42
364,2024-01-02,Customer_72,Winnipeg,89.08
365,2024-08-06,Customer_77,Edmonton,144.84
366,2024-03-10,Customer_61,Montreal,314.95
367,2024-12-01,Customer_90,Edmonton,130.42
368,2024-03-05,Customer_85,Toronto,215.64
369,2024-09-08,Customer_71,Winnipeg,184.13
370,2024-03-24,Customer_33,Edmonton,286.33
371,2024-03-01,Customer_43,Winnipeg,235.08
372,2024-03-01,Customer_54,Vancouver,184.93
373,2024-03-07,Customer_39,Vancouver,130.15
374,2024-07-04,Customer_66,Halifax,264.62
375,2024-10-25,Customer_80,Edmonton,493.36
376,2024-04-02,Customer_77,Vancouver,129.61
377,2024-04-03,Customer_1,Ottawa,264.47
378,2024-05-18,Customer_23,Calgary,430.21
379,2024-08-14,Customer_33,Halifax,200.38
380,2024-05-18,Customer_32,Vancouver,210.65
381,2024-03-11,Customer_48,Ottawa,172.11
382,2024-10-18,Customer_3,Winnipeg,361.93
383,2024-06-09,Customer_52,Toronto,185.86
384,2024-08-07,Customer_97,Toronto,423.37
385,2024-07-05,Customer_30,Winnipeg,287.5
386,2024-07-13,Customer_41,Vancouver,69.21
387,2024-03-10,Customer_2,Halifax,495.64
388,2024-07-26,Customer_52,Ottawa,349.14
389,2024-02-18,Customer_9,Toronto,471.42
390,2024-05-12,Customer_10,Toronto,231.47
391,2024-06-02,Customer_40,Edmonton,435.21
392,2024-04-17,Customer_66,Edmonton,101.46
393,2024-04-09,Customer_23,Winnipeg,164.49
394,2024-11-02,Customer_82,Calgary,358.57
395,2024-08-27,Customer_65,Ottawa,303.25
396,2024-11-09,Customer_81,Toronto,246.02
397,2024-07-22,Customer_28,Halifax,262.2
398,2024-01-26,Customer_35,Montreal,358.43
399,2024-09-24,Customer_17,Montreal,379.44
400,2024-10-05,Customer_75,Montreal,58.71
401,2024-08-27,Customer_88,Calgary,31.48
402,2024-05-05,Customer_38,Halifax,378.58
403,2024-06-22,Customer_50,Calgary,357.14
404,2024-02-28,Customer_51,Calgary,271.01
405,2024-03-02,Customer_59,Winnipeg,71.75
406,2024-07-29,Customer_80,Winnipeg,262.25
407,2024-02-01,Customer_52,Calgary,28.04
408,2024-05-01,Customer_76,Ottawa,102.69
409,2024-07-07,Customer_46,Winnipeg,307.87
410,2024-02-18,Customer_47,Ottawa,199.83
411,2024-08-17,Customer_15,Winnipeg,491.9
412,2024-12-12,Customer_54,Halifax,428.13
413,2024-03-03,Customer_39,Ottawa,409.95
414,2024-03-16,Customer_31,Toronto,23.39
415,2024-04-08,Customer_14,Toronto,89.18
416,2024-12-03,Customer_62,Winnipeg,428.43
417,2024-03-03,Customer_36,Montreal,42.07
418,2024-11-12,Customer_66,Winnipeg,470.82
419,2024-05-22,Customer_88,Halifax,40.04
420,2024-07-19,Customer_75,Halifax,218.79
421,2024-03-19,Customer_52,Winnipeg,261.21
422,2024-08-14,Customer_43,Halifax,92.8
423,2024-08-19,Customer_34,Vancouver,355.94
424,2024-08-27,Customer_81,Halifax,209.82
425,2024-12-27,Customer_52,Calgary,264.67
426,2024-03-15,Customer_20,Halifax,405.86
427,2024-02-18,Customer_92,Vancouver,245.67
428,2024-06-08,Customer_4,Winnipeg,297.23
429,2024-03-07,Customer_75,Halifax,339.16
430,2024-06-03,Customer_52,Winnipeg,71.77
431,2024-11-12,Customer_11,Montreal,210.42
432,2024-08-16,Customer_37,Toronto,173.76
433,2024-07-02,Customer_75,Vancouver,264.71
434,2024-03-22,Customer_93,Calgary,394.82
435,2024-12-18,Customer_1,Calgary,434.51
436,2024-06-19,Customer_31,Halifax,255.69
437,2024-07-17,Customer_79,Vancouver,344.48
438,2024-07-19,Customer_22,Toronto,193.44
439,2024-12-12,Customer_74,Halifax,258.3
440,2024-10-05,Customer_96,Ottawa,257.05
441,2024-11-01,Customer_77,Calgary,36.11
442,2024-10-27,Customer_17,Montreal,107.44
443,2024-03-14,Customer_44,Winnipeg,42.67
444,2024-12-02,Customer_77,Edmonton,374.16
445,2024-10-22,Customer_9,Halifax,85.0
446,2024-07-23,Customer_28,Montreal,331.29
447,2024-07-13,Customer_79,Calgary,122.95
448,2024-11-20,Customer_91,Montreal,166.41
449,2024-12-26,Customer_70,Vancouver,74.65
450,2024-06-12,Customer_59,Edmonton,159.97
451,2024-07-25,Customer_63,Winnipeg,375.29
452,2024-11-04,Customer_98,Ottawa,160.11
453,2024-08-23,Customer_59,Toronto,299.42
454,2024-01-16,Customer_75,Montreal,225.24
455,2024-11-28,Customer_69,Calgary,272.17
456,2024-06-24,Customer_15,Ottawa,380.02
457,2024-07-08,Customer_41,Winnipeg,344.87
458,2024-05-15,Customer_98,Winnipeg,313.21
459,2024-06-22,Customer_1,Ottawa,417.57
460,2024-07-29,Customer_76,Edmonton,152.01
461,2024-03-13,Customer_54,Ottawa,431.06
462,2024-11-23,Customer_40,Halifax,112.82
463,2024-12-05,Customer_49,Toronto,370.29
464,2024-11-20,Customer_25,Halifax,359.33
465,2024-07-09,Customer_58,Halifax,392.39
466,2024-11-13,Customer_51,Vancouver,446.36
467,2024-07-19,Customer_58,Winnipeg,372.02
468,2024-03-20,Customer_43,Halifax,92.26
469,2024-02-25,Customer_48,Edmonton,487.67
470,2024-11-30,Customer_6,Winnipeg,310.55
471,2024-12-11,Customer_18,Ottawa,411.67
472,2024-07-03,Customer_30,Calgary,81.65
473,2024-02-06,Customer_31,Ottawa,384.17
474,2024-02-21,Customer_52,Ottawa,325.61
475,2024-08-01,Customer_41,Vancouver,257.48
476,2024-12-18,Customer_85,Ottawa,193.51
477,2024-07-14,Customer_31,Winnipeg,459.1
478,2024-10-12,Customer_27,Winnipeg,213.18
479,2024-02-28,Customer_91,Vancouver,452.64
480,2024-11-25,Customer_88,Ottawa,286.55
481,2024-10-13,Customer_46,Halifax,99.27
482,2024-06-06,Customer_16,Vancouver,114.85
483,2024-05-21,Customer_49,Halifax,47.99
484,2024-08-18,Customer_97,Calgary,353.15
485,2024-03-16,Customer_54,Edmonton,412.24
486,2024-01-04,Customer_74,Halifax,420.21
487,2024-04-10,Customer_37,Winnipeg,169.01
488,2024-03-22,Customer_75,Vancouver,243.26
489,2024-08-22,Customer_47,Montreal,160.78
490,2024-07-28,Customer_24,Winnipeg,285.51
491,2024-05-22,Customer_82,Vancouver,445.02
492,2024-11-10,Customer_61,Toronto,227.87
493,2024-12-13,Customer_56,Winnipeg,267.15
494,2024-11-11,Customer_26,Winnipeg,144.55
495,2024-03-25,Customer_12,Vancouver,274.08
496,2024-06-25,Customer_12,Toronto,118.12
497,2024-02-01,Customer_98,Halifax,122.93
498,2024-09-01,Customer_30,Edmonton,391.5
499,2024-11-04,Customer_79,Halifax,454.68
500,2024-06-29,Customer_21,Montreal,499.91
501,2024-07-27,Customer_16,Vancouver,398.36
502,2024-09-07,Customer_81,Toronto,319.61
503,2024-09-02,Customer_16,Montreal,311.39
504,2024-08-21,Customer_66,Calgary,486.72
505,2024-06-05,Customer_36,Winnipeg,32.89
506,2024-01-12,Customer_8,Ottawa,114.75
507,2024-12-21,Customer_24,Edmonton,92.65
508,2024-11-09,Customer_53,Calgary,385.58
509,2024-03-07,Customer_23,Calgary,203.79
510,2024-05-26,Customer_12,Ottawa,388.96
511,2024-02-18,Customer_100,Vancouver,206.13
512,2024-08-09,Customer_64,Edmonton,436.02
513,2024-08-28,Customer_99,Toronto,264.14
514,2024-06-02,Customer_36,Vancouver,389.31
515,2024-05-16,Customer_6,Ottawa,283.22
516,2024-10-17,Customer_42,Edmonton,436.76
517,2024-03-03,Customer_56,Ottawa,350.79
518,2024-02-24,Customer_82,Montreal,355.79
519,2024-01-16,Customer_42,Toronto,105.51
520,2024-01-04,Customer_64,Edmonton,253.46
521,2024-01-21,Customer_69,Edmonton,268.44
522,2024-08-04,Customer_40,Edmonton,127.47
523,2024-06-03,Customer_88,Halifax,358.41
524,2024-11-10,Customer_83,Winnipeg,372.76
525,2024-09-02,Customer_84,Halifax,223.18
526,2024-01-30,Customer_17,Winnipeg,64.79
527,2024-09-08,Customer_12,Montreal,26.11
528,2024-03-30,Customer_23,Calgary,21.28
529,2024-06-12,Customer_78,Montreal,470.23
530,2024-03-19,Customer_7,Halifax,254.58
531,2024-03-31,Customer_42,Vancouver,493.23
532,2024-03-16,Customer_82,Halifax,146.82
533,2024-05-01,Customer_69,Toronto,120.28
534,2024-12-03,Customer_75,Toronto,306.27
535,2024-09-18,Customer_49,Edmonton,350.78
536,2024-03-02,Customer_99,Vancouver,265.64
537,2024-01-05,Customer_19,Montreal,451.2
538,2024-04-26,Customer_33,Edmonton,228.16
539,2024-12-28,Customer_22,Calgary,174.68
540,2024-07-24,Customer_77,Halifax,204.71
541,2024-12-01,Customer_59,Montreal,380.83
542,2024-09-02,Customer_31,Montreal,271.07
543,2024-03-08,Customer_36,Calgary,339.86
544,2024-01-30,Customer_32,Halifax,76.44
545,2024-11-09,Customer_85,Edmonton,140.02
546,2024-12-03,Customer_71,Winnipeg,57.67
547,2024-03-08,Customer_74,Montreal,496.83
548,2024-07-16,Customer_20,Calgary,327.76
549,2024-06-27,Customer_12,Ottawa,429.62
550,2024-05-09,Customer_4,Calgary,431.55
551,2024-09-02,Customer_20,Winnipeg,398.83
552,2024-12-24,Customer_64,Halifax,446.65
553,2024-10-04,Customer_41,Ottawa,270.62
554,2024-08-11,Customer_76,Winnipeg,265.54
555,2024-08-14,Customer_64,Halifax,180.83
556,2024-09-21,Customer_90,Winnipeg,191.38
557,2024-08-08,Customer_93,Ottawa,65.42
558,2024-06-27,Customer_12,Edmonton,280.12
559,2024-11-19,Customer_3,Halifax,131.05
560,2024-01-04,Customer_95,Vancouver,388.92
561,2024-02-03,Customer_69,Halifax,87.75
562,2024-12-19,Customer_40,Edmonton,280.65
563,2024-10-24,Customer_7,Winnipeg,224.79
564,2024-09-14,Customer_3,Toronto,114.97
565,2024-08-30,Customer_47,Halifax,62.25
566,2024-07-11,Customer_27,Toronto,183.1
567,2024-10-14,Customer_48,Winnipeg,474.41
568,2024-07-03,Customer_69,Winnipeg,362.37
569,2024-09-18,Customer_35,Toronto,145.83
570,2024-07-25,Customer_79,Ottawa,232.86
571,2024-12-07,Customer_79,Vancouver,459.83
572,2024-10-21,Customer_36,Edmonton,346.9
573,2024-03-29,Customer_35,Toronto,412.44
574,2024-07-06,Customer_41,Winnipeg,402.59
575,2024-05-18,Customer_18,Toronto,82.3
576,2024-11-19,Customer_43,Halifax,166.2
577,2024-06-14,Customer_38,Vancouver,394.64
578,2024-03-22,Customer_41,Montreal,94.13
579,2024-08-02,Customer_6,Calgary,222.66
580,2024-11-02,Customer_18,Toronto,261.39
581,2024-11-04,Customer_80,Calgary,24.66
582,2024-06-20,Customer_53,Montreal,398.58
583,2024-05-20,Customer_1,Ottawa,324.31
584,2024-11-03,Customer_59,Toronto,435.93
585,2024-12-09,Customer_21,Montreal,240.14
586,2024-08-14,Customer_83,Halifax,92.27
587,2024-06-17,Customer_78,Winnipeg,379.69
588,2024-05-13,Customer_8,Edmonton,101.83
589,2024-05-15,Customer_35,Winnipeg,385.03
590,2024-11-18,Customer_58,Calgary,375.84
591,2024-02-09,Customer_73,Toronto,38.38
592,2024-02-10,Customer_64,Toronto,29.07
593,2024-01-16,Customer_87,Toronto,413.83
594,2024-10-30,Customer_43,Ottawa,420.81
595,2024-12-25,Customer_42,Calgary,145.51
596,2024-07-28,Customer_89,Montreal,458.5
597,2024-07-26,Customer_76,Halifax,447.61
598,2024-02-05,Customer_20,Winnipeg,453.52
599,2024-10-19,Customer_39,Calgary,114.1
600,2024-11-25,Customer_83,Montreal,266.33
601,2024-05-24,Customer_5,Montreal,448.02
602,2024-07-14,Customer_91,Ottawa,265.3
603,2024-04-07,Customer_31,Ottawa,498.68
604,2024-08-31,Customer_50,Winnipeg,37.7
605,2024-03-11,Customer_39,Vancouver,475.59
606,2024-03-22,Customer_30,Calgary,143.32
607,2024-04-20,Customer_44,Edmonton,164.42
608,2024-09-06,Customer_31,Toronto,159.16
609,2024-03-24,Customer_12,Calgary,431.37
610,2024-06-16,Customer_57,Calgary,191.5
611,2024-10-05,Customer_33,Ottawa,206.48
612,2024-01-27,Customer_48,Halifax,21.17
613,2024-10-06,Customer_87,Vancouver,345.17
614,2024-05-12,Customer_55,Winnipeg,345.68
615,2024-12-25,Customer_25,Winnipeg,323.99
616,2024-07-30,Customer_8,Winnipeg,274.82
617,2024-05-07,Customer_20,Ottawa,394.85
618,2024-10-24,Customer_58,Calgary,400.01
619,2024-03-17,Customer_82,Montreal,57.75
620,2024-06-29,Customer_85,Halifax,373.38
621,2024-11-06,Customer_9,Toronto,479.63
622,2024-07-15,Customer_68,Vancouver,31.34
623,2024-08-23,Customer_91,Winnipeg,432.11
624,2024-06-07,Customer_44,Montreal,186.33
625,2024-03-13,Customer_92,Calgary,302.31
626,2024-09-05,Customer_56,Winnipeg,235.72
627,2024-02-13,Customer_45,Winnipeg,179.75
628,2024-07-05,Customer_73,Ottawa,325.81
629,2024-04-26,Customer_15,Toronto,415.68
630,2024-12-03,Customer_45,Montreal,462.34
631,2024-11-28,Customer_84,Edmonton,480.29
632,2024-06-10,Customer_17,Halifax,179.91
633,2024-06-12,Customer_73,Winnipeg,299.24
634,2024-05-09,Customer_46,Winnipeg,63.35
635,2024-07-13,Customer_72,Ottawa,324.18
636,2024-05-29,Customer_47,Calgary,185.71
637,2024-11-08,Customer_38,Montreal,77.06
638,2024-01-12,Customer_70,Vancouver,404.44
639,2024-01-08,Customer_84,Ottawa,335.25
640,2024-09-28,Customer_97,Toronto,418.7
641,2024-10-12,Customer_68,Calgary,408.65
642,2024-07-25,Customer_7,Calgary,371.19
643,2024-05-14,Customer_59,Winnipeg,318.4
644,2024-11-21,Customer_63,Ottawa,447.09
645,2024-11-19,Customer_92,Calgary,414.43
646,2024-01-23,Customer_20,Ottawa,288.13
647,2024-10-20,Customer_64,Halifax,252.88
648,2024-04-29,Customer_18,Edmonton,406.26
649,2024-09-19,Customer_45,Vancouver,339.0
650,2024-08-27,Customer_14,Toronto,274.46
651,2024-10-18,Customer_29,Halifax,344.31
652,2024-09-04,Customer_11,Winnipeg,347.73
653,2024-05-09,Customer_39,Toronto,108.9
654,2024-06-09,Customer_59,Ottawa,145.32
655,2024-10-24,Customer_97,Winnipeg,439.59
656,2024-02-20,Customer_35,Vancouver,354.44
657,2024-09-20,Customer_23,Calgary,477.06
658,2024-07-13,Customer_63,Montreal,340.8
659,2024-05-30,Customer_73,Ottawa,166.32
660,2024-02-11,Customer_31,Edmonton,150.33
661,2024-08-25,Customer_94,Ottawa,112.61
662,2024-09-22,Customer_77,Halifax,136.4
663,2024-06-13,Customer_84,Toronto,380.4
664,2024-10-08,Customer_7,Calgary,182.32
665,2024-06-27,Customer_17,Calgary,165.1
666,2024-02-20,Customer_97,Vancouver,132.32
667,2024-08-29,Customer_45,Vancouver,165.41
668,2024-11-05,Customer_14,Halifax,197.99
669,2024-12-06,Customer_34,Calgary,100.48
670,2024-08-13,Customer_1,Halifax,382.53
671,2024-04-22,Customer_4,Ottawa,372.98
672,2024-12-18,Customer_77,Edmonton,223.69
673,2024-07-15,Customer_38,Montreal,196.5
674,2024-08-06,Customer_78,Montreal,54.08
675,2024-04-17,Customer_46,Edmonton,73.23
676,2024-11-26,Customer_97,Vancouver,96.1
677,2024-04-17,Customer_93,Montreal,446.09
678,2024-08-21,Customer_37,Ottawa,72.5
679,2024-12-05,Customer_13,Toronto,307.25
680,2024-11-17,Customer_94,Ottawa,342.22
681,2024-07-26,Customer_31,Calgary,88.3
682,2024-07-09,Customer_99,Edmonton,379.18
683,2024-01-23,Customer_20,Vancouver,51.88
684,2024-02-25,Customer_68,Calgary,344.89
685,2024-05-13,Customer_18,Montreal,285.0
686,2024-11-07,Customer_33,Toronto,469.52
687,2024-01-23,Customer_99,Ottawa,284.26
688,2024-07-26,Customer_26,Calgary,488.96
689,2024-03-27,Customer_31,Calgary,477.42
690,2024-05-22,Customer_29,Edmonton,114.35
691,2024-04-25,Customer_84,Halifax,431.71
692,2024-12-02,Customer_39,Halifax,98.55
693,2024-08-16,Customer_77,Calgary,95.54
694,2024-02-14,Customer_98,Winnipeg,152.0
695,2024-02-20,Customer_85,Calgary,137.81
696,2024-05-05,Customer_63,Winnipeg,248.56
697,2024-01-19,Customer_99,Montreal,319.01
698,2024-10-15,Customer_30,Ottawa,117.42
699,2024-09-06,Customer_35,Calgary,196.94
700,2024-08-10,Customer_21,Winnipeg,173.66
701,2024-03-18,Customer_73,Edmonton,205.48
702,2024-11-28,Customer_99,Halifax,313.07
703,2024-11-19,Customer_61,Vancouver,156.28
704,2024-01-15,Customer_70,Edmonton,465.19
705,2024-03-30,Customer_6,Edmonton,246.12
706,2024-08-09,Customer_99,Calgary,72.64
707,2024-02-02,Customer_79,Halifax,321.49
708,2024-09-17,Customer_44,Edmonton,325.37
709,2024-09-04,Customer_98,Ottawa,175.84
710,2024-03-12,Customer_57,Montreal,299.52
711,2024-04-17,Customer_44,Montreal,49.94
712,2024-05-30,Customer_9,Toronto,433.22
713,2024-09-07,Customer_53,Winnipeg,181.68
714,2024-10-10,Customer_13,Ottawa,217.9
715,2024-12-25,Customer_32,Montreal,92.03
716,2024-10-30,Customer_8,Vancouver,189.88
717,2024-09-09,Customer_59,Winnipeg,280.62
718,2024-07-06,Customer_4,Ottawa,301.02
719,2024-11-03,Customer_48,Ottawa,342.16
720,2024-07-05,Customer_5,Halifax,252.35
721,2024-09-28,Customer_51,Calgary,159.56
722,2024-06-21,Customer_10,Winnipeg,496.22
723,2024-07-13,Customer_9,Edmonton,252.16
724,2024-08-02,Customer_64,Edmonton,231.43
725,2024-01-29,Customer_96,Montreal,104.53
726,2024-08-07,Customer_24,Toronto,460.35
727,2024-09-14,Customer_56,Calgary,422.35
728,2024-05-09,Customer_32,Vancouver,414.79
729,2024-04-30,Customer_59,Montreal,182.59
730,2024-11-15,Customer_62,Halifax,147.14
731,2024-03-05,Customer_95,Halifax,388.28
732,2024-11-10,Customer_90,Montreal,101.78
733,2024-03-30,Customer_31,Calgary,38.09
734,2024-01-12,Customer_49,Montreal,408.48
735,2024-02-07,Customer_50,Calgary,242.28
736,2024-05-17,Customer_100,Montreal,275.03
737,2024-10-12,Customer_66,Montreal,384.05
738,2024-01-12,Customer_70,Halifax,222.08
739,2024-12-13,Customer_93,Winnipeg,293.29
740,2024-12-30,Customer_65,Vancouver,223.46
741,2024-12-02,Customer_61,Edmonton,222.54
742,2024-05-06,Customer_85,Calgary,348.92
743,2024-08-30,Customer_49,Calgary,318.85
744,2024-09-05,Customer_68,Edmonton,230.46
745,2024-03-18,Customer_43,Vancouver,217.54
746,2024-02-29,Customer_97,Calgary,180.5
747,2024-09-27,Customer_64,Halifax,315.33
748,2024-05-18,Customer_19,Winnipeg,176.98
749,2024-11-13,Customer_88,Montreal,343.02
750,2024-01-21,Customer_21,Montreal,301.88
751,2024-05-17,Customer_5,Vancouver,498.03
752,2024-06-22,Customer_15,Montreal,338.39
753,2024-02-01,Customer_81,Montreal,150.5
754,2024-08-01,Customer_71,Halifax,242.08
755,2024-02-13,Customer_42,Vancouver,304.81
756,2024-06-22,Customer_62,Edmonton,161.52
757,2024-10-21,Customer_46,Montreal,376.1
758,2024-02-28,Customer_59,Vancouver,499.46
759,2024-05-09,Customer_21,Montreal,490.81
760,2024-11-19,Customer_26,Ottawa,53.15
761,2024-12-29,Customer_26,Halifax,377.08
762,2024-11-18,Customer_25,Winnipeg,375.65
763,2024-04-03,Customer_40,Edmonton,193.38
764,2024-01-19,Customer_18,Vancouver,131.51
765,2024-07-22,Customer_89,Ottawa,444.48
766,2024-09-29,Customer_42,Calgary,458.63
767,2024-03-19,Customer_55,Calgary,176.81
768,2024-02-25,Customer_88,Ottawa,381.85
769,2024-10-10,Customer_85,Ottawa,413.59
770,2024-07-24,Customer_49,Halifax,291.08
771,2024-09-06,Customer_39,Calgary,311.6
772,2024-11-19,Customer_21,Calgary,97.56
773,2024-04-05,Customer_22,Toronto,71.67
774,2024-01-25,Customer_63,Montreal,187.44
775,2024-09-23,Customer_30,Ottawa,207.14
776,2024-07-02,Customer_37,Toronto,294.65
777,2024-05-22,Customer_89,Halifax,394.1
778,2024-12-14,Customer_70,Ottawa,468.88
779,2024-03-09,Customer_2,Toronto,95.15
780,2024-04-03,Customer_61,Montreal,423.38
781,2024-03-23,Customer_95,Ottawa,182.99
782,2024-12-10,Customer_51,Calgary,357.23
783,2024-06-19,Customer_21,Ottawa,389.26
784,2024-07-19,Customer_38,Toronto,415.91
785,2024-05-13,Customer_44,Calgary,189.85
786,2024-07-17,Customer_47,Edmonton,460.48
787,2024-12-10,Customer_78,Ottawa,464.75
788,2024-12-22,Customer_99,Vancouver,340.22
789,2024-06-29,Customer_55,Winnipeg,325.68
790,2024-04-06,Customer_43,Montreal,489.5
791,2024-05-05,Customer_32,Vancouver,309.77
792,2024-07-26,Customer_46,Toronto,161.71
793,2024-06-20,Customer_6,Vancouver,58.17
794,2024-12-02,Customer_98,Calgary,298.11
795,2024-08-21,Customer_10,Montreal,484.78
796,2024-10-29,Customer_46,Edmonton,32.94
797,2024-06-04,Customer_36,Edmonton,423.35
798,2024-10-28,Customer_80,Halifax,293.64
799,2024-11-20,Customer_48,Halifax,225.67
800,2024-03-22,Customer_1,Toronto,143.22
801,2024-09-07,Customer_1,Calgary,73.05
802,2024-11-02,Customer_16,Halifax,380.26
803,2024-04-29,Customer_100,Toronto,312.08
804,2024-05-10,Customer_75,Vancouver,399.89
805,2024-03-14,Customer_29,Vancouver,342.25
806,2024-02-21,Customer_30,Calgary,339.09
807,2024-01-19,Customer_49,Montreal,184.35
808,2024-03-16,Customer_96,Edmonton,472.2
809,2024-09-08,Customer_5,Halifax,209.66
810,2024-06-27,Customer_64,Montreal,24.88
811,2024-11-17,Customer_62,Montreal,397.94
812,2024-01-14,Customer_7,Edmonton,44.05
813,2024-02-17,Customer_31,Edmonton,109.86
814,2024-09-23,Customer_48,Vancouver,277.6
815,2024-08-07,Customer_70,Ottawa,292.49
816,2024-04-24,Customer_30,Ottawa,191.66
817,2024-05-16,Customer_30,Halifax,28.44
818,2024-10-03,Customer_65,Edmonton,190.5
819,2024-01-09,Customer_54,Winnipeg,345.99
820,2024-08-21,Customer_77,Calgary,38.94
821,2024-02-19,Customer_24,Calgary,179.26
822,2024-11-28,Customer_44,Toronto,364.53
823,2024-07-05,Customer_60,Montreal,299.23
824,2024-11-18,Customer_76,Ottawa,417.34
825,2024-05-01,Customer_56,Halifax,249.56
826,2024-12-17,Customer_82,Toronto,407.68
827,2024-08-16,Customer_69,Ottawa,29.24
828,2024-05-30,Customer_9,Halifax,53.63
829,2024-06-14,Customer_22,Toronto,240.07
830,2024-11-08,Customer_72,Ottawa,322.36
831,2024-09-16,Customer_49,Montreal,385.11
832,2024-08-14,Customer_29,Ottawa,312.49
833,2024-05-22,Customer_35,Halifax,202.34
834,2024-12-07,Customer_15,Ottawa,368.22
835,2024-05-11,Customer_89,Halifax,268.8
836,2024-04-23,Customer_11,Ottawa,127.87
837,2024-06-08,Customer_77,Halifax,242.02
838,2024-08-31,Customer_83,Vancouver,384.81
839,2024-08-22,Customer_2,Ottawa,141.45
840,2024-07-19,Customer_80,Montreal,160.29
841,2024-11-06,Customer_50,Edmonton,488.91
842,2024-11-11,Customer_4,Vancouver,282.04
843,2024-02-09,Customer_24,Calgary,68.47
844,2024-12-13,Customer_82,Edmonton,366.1
845,2024-10-13,Customer_10,Edmonton,97.78
846,2024-09-14,Customer_3,Montreal,100.66
847,2024-01-24,Customer_83,Calgary,336.87
848,2024-05-31,Customer_44,Ottawa,25.45
849,2024-08-13,Customer_75,Halifax,238.57
850,2024-08-23,Customer_17,Montreal,123.05
851,2024-05-30,Customer_98,Halifax,484.7
852,2024-10-13,Customer_56,Edmonton,77.57
853,2024-12-06,Customer_73,Halifax,170.68
854,2024-09-24,Customer_44,Montreal,339.36
855,2024-10-09,Customer_14,Ottawa,362.08
856,2024-02-11,Customer_37,Winnipeg,262.24
857,2024-10-26,Customer_72,Ottawa,304.55
858,2024-01-21,Customer_79,Toronto,31.48
859,2024-10-05,Customer_82,Edmonton,409.54
860,2024-10-06,Customer_71,Halifax,402.92
861,2024-10-22,Customer_45,Halifax,312.35
862,2024-08-15,Customer_24,Winnipeg,358.71
863,2024-10-16,Customer_99,Halifax,344.74
864,2024-12-07,Customer_26,Calgary,459.84
865,2024-02-05,Customer_27,Toronto,463.05
866,2024-10-30,Customer_59,Edmonton,369.82
867,2024-06-25,Customer_71,Edmonton,340.99
868,2024-06-23,Customer_38,Montreal,53.02
869,2024-04-17,Customer_100,Ottawa,370.12
870,2024-09-28,Customer_29,Halifax,129.84
871,2024-09-10,Customer_59,Vancouver,193.25
872,2024-03-07,Customer_79,Edmonton,338.36
873,2024-01-27,Customer_10,Toronto,140.68
874,2024-03-25,Customer_14,Ottawa,266.75
875,2024-05-01,Customer_29,Edmonton,409.27
876,2024-12-23,Customer_89,Montreal,313.95
877,2024-05-07,Customer_12,Ottawa,481.45
878,2024-06-24,Customer_22,Winnipeg,259.48
879,2024-01-30,Customer_40,Halifax,84.42
880,2024-07-18,Customer_77,Montreal,379.91
881,2024-12-09,Customer_69,Winnipeg,339.34
882,2024-01-08,Customer_98,Halifax,252.65
883,2024-08-14,Customer_50,Ottawa,332.77
884,2024-02-29,Customer_41,Montreal,56.91
885,2024-10-30,Customer_85,Ottawa,68.56
886,2024-01-08,Customer_81,Halifax,347.52
887,2024-07-15,Customer_65,Vancouver,447.38
888,2024-07-03,Customer_41,Vancouver,263.63
889,2024-08-18,Customer_90,Winnipeg,41.29
890,2024-03-12,Customer_45,Toronto,288.17
891,2024-09-02,Customer_98,Vancouver,21.23
892,2024-11-23,Customer_22,Halifax,239.52
893,2024-05-02,Customer_23,Ottawa,477.39
894,2024-10-05,Customer_12,Toronto,393.79
895,2024-08-01,Customer_45,Montreal,156.19
896,2024-05-25,Customer_75,Winnipeg,47.39
897,2024-05-07,Customer_32,Toronto,323.06
898,2024-07-30,Customer_44,Edmonton,99.31
899,2024-06-12,Customer_91,Toronto,377.23
900,2024-03-26,Customer_65,Winnipeg,265.64
901,2024-12-10,Customer_78,Calgary,51.51
902,2024-09-23,Customer_24,Halifax,130.12
903,2024-09-26,Customer_55,Vancouver,174.25
904,2024-12-26,Customer_30,Vancouver,124.68
905,2024-09-11,Customer_74,Halifax,79.55
906,2024-02-27,Customer_40,Vancouver,163.34
907,2024-04-09,Customer_14,Edmonton,52.91
908,2024-06-04,Customer_87,Montreal,114.93
909,2024-03-14,Customer_80,Winnipeg,194.84
910,2024-11-02,Customer_100,Edmonton,253.37
911,2024-08-23,Customer_64,Vancouver,88.99
912,2024-02-13,Customer_99,Halifax,102.14
913,2024-09-12,Customer_22,Vancouver,419.52
914,2024-01-08,Customer_77,Vancouver,434.33
915,2024-06-25,Customer_99,Montreal,45.48
916,2024-11-10,Customer_79,Winnipeg,216.8
917,2024-04-17,Customer_40,Halifax,22.45
918,2024-06-02,Customer_65,Edmonton,348.64
919,2024-11-24,Customer_38,Vancouver,64.33
920,2024-01-16,Customer_28,Calgary,26.91
921,2024-12-27,Customer_58,Winnipeg,406.51
922,2024-12-29,Customer_83,Halifax,182.34
923,2024-11-29,Customer_17,Calgary,131.92
924,2024-05-17,Customer_86,Halifax,326.38
925,2024-02-02,Customer_70,Toronto,206.19
926,2024-08-11,Customer_64,Halifax,214.77
927,2024-07-04,Customer_10,Edmonton,139.52
928,2024-08-21,Customer_7,Winnipeg,436.64
929,2024-03-21,Customer_64,Toronto,292.53
930,2024-10-12,Customer_100,Montreal,130.23
931,2024-10-08,Customer_45,Winnipeg,211.74
932,2024-09-03,Customer_99,Edmonton,482.42
933,2024-03-22,Customer_16,Toronto,94.68
934,2024-12-11,Customer_45,Edmonton,332.07
935,2024-11-01,Customer_31,Ottawa,257.82
936,2024-02-19,Customer_84,Toronto,67.46
937,2024-11-15,Customer_67,Montreal,320.54
938,2024-06-10,Customer_94,Montreal,81.93
939,2024-03-19,Customer_28,Halifax,462.96
940,2024-06-22,Customer_70,Vancouver,30.18
941,2024-11-29,Customer_80,Vancouver,186.5
942,2024-01-19,Customer_72,Halifax,32.84
943,2024-11-24,Customer_68,Ottawa,55.92
944,2024-12-17,Customer_33,Montreal,36.74
945,2024-02-15,Customer_37,Winnipeg,219.12
946,2024-02-14,Customer_81,Halifax,81.08
947,2024-04-04,Customer_69,Ottawa,67.33
948,2024-04-08,Customer_95,Calgary,203.39
949,2024-01-26,Customer_86,Winnipeg,401.3
950,2024-06-13,Customer_63,Calgary,230.86
951,2024-01-23,Customer_87,Halifax,86.74
952,2024-11-27,Customer_8,Vancouver,419.55
953,2024-01-02,Customer_61,Winnipeg,391.79
954,2024-02-23,Customer_83,Calgary,492.62
955,2024-03-20,Customer_42,Halifax,353.6
956,2024-07-20,Customer_74,Edmonton,299.46
957,2024-07-13,Customer_5,Ottawa,422.77
958,2024-11-13,Customer_55,Toronto,473.05
959,2024-04-30,Customer_4,Vancouver,360.21
960,2024-08-29,Customer_99,Calgary,482.99
961,2024-08-09,Customer_12,Winnipeg,211.79
962,2024-06-18,Customer_29,Vancouver,280.5
963,2024-08-11,Customer_35,Montreal,246.24
964,2024-07-27,Customer_79,Vancouver,123.99
965,2024-05-12,Customer_15,Winnipeg,246.94
966,2024-05-27,Customer_48,Montreal,312.75
967,2024-08-09,Customer_49,Montreal,191.27
968,2024-12-07,Customer_6,Ottawa,72.83
969,2024-03-14,Customer_63,Edmonton,337.72
970,2024-08-17,Customer_81,Halifax,244.91
971,2024-07-30,Customer_91,Montreal,376.54
972,2024-01-24,Customer_29,Edmonton,273.77
973,2024-03-13,Customer_34,Vancouver,205.17
974,2024-02-08,Customer_44,Winnipeg,431.51
975,2024-06-05,Customer_69,Ottawa,110.26
976,2024-03-06,Customer_69,Winnipeg,53.72
977,2024-05-24,Customer_7,Calgary,300.98
978,2024-12-10,Customer_58,Ottawa,130.51
979,2024-02-19,Customer_83,Montreal,130.87
980,2024-08-10,Customer_12,Toronto,411.49
981,2024-09-14,Customer_53,Ottawa,139.32
982,2024-02-20,Customer_18,Winnipeg,77.36
983,2024-10-20,Customer_71,Winnipeg,457.67
984,2024-06-22,Customer_94,Winnipeg,160.22
985,2024-07-07,Customer_81,Ottawa,273.82
986,2024-11-29,Customer_2,Ottawa,67.38
987,2024-07-20,Customer_28,Edmonton,98.21
988,2024-12-19,Customer_29,Winnipeg,317.68
989,2024-05-03,Customer_59,Montreal,116.05
990,2024-07-13,Customer_63,Edmonton,403.09
991,2024-05-01,Customer_17,Winnipeg,136.52
992,2024-03-15,Customer_94,Winnipeg,309.18
993,2024-09-13,Customer_43,Halifax,113.64
994,2024-01-08,Customer_59,Calgary,139.02
995,2024-02-21,Customer_89,Halifax,351.9
996,2024-08-09,Customer_53,Toronto,211.15
997,2024-09-29,Customer_62,Montreal,354.54
998,2024-10-31,Customer_49,Winnipeg,330.2
999,2024-01-23,Customer_54,Winnipeg,457.23
1000,2024-05-15,Customer_25,Winnipeg,468.12
